{"keys": [0, 1, 2, 3, 4, 5, 6, 7, 8, 9, 10, 11, 12, 13, 14, 15, 16, 17, 18, 19, 20, 21, 22, 23, 24, 25, 26, 27, 28, 29, 30, 31, 32, 33, 34, 35, 36, 37, 38, 39, 40, 41, 42, 43, 44, 45, 46, 47, 48, 49, 50, 51, 52, 53, 54, 55, 56, 57, 58, 59, 60, 61, 62, 63, 64, 65, 66, 67, 68, 69, 70, 71, 72, 73, 74, 75, 76, 77, 78, 79, 80, 81, 82, 83, 84, 85, 86, 87, 88, 89, 90, 91, 92, 93, 94, 95, 96, 97, 98, 99, 100, 101, 102, 103, 104, 105, 106, 107, 108, 109, 110, 111, 112, 113, 114, 115, 116, 117, 118, 119, 120, 121, 122, 123, 124, 125, 126, 127, 128, 129, 130, 131, 132, 133, 134, 135, 136, 137, 138, 139, 140, 141, 142, 143, 144, 145, 146, 147, 148, 149, 150, 151, 152, 153, 154, 155, 156, 157, 158, 159, 160, 161, 162, 163, 164, 165, 166, 167, 168, 169, 170, 171, 172, 173, 174, 175, 176, 177, 178, 179, 180, 181, 182, 183, 184, 185, 186, 187, 188, 189, 190, 191, 192, 193, 194, 195, 196, 197, 198, 199, 200, 201, 202, 203, 204, 205, 206, 207, 208, 209, 210, 211, 212, 213, 214, 215, 216, 217, 218, 219, 220, 221, 222, 223, 224, 225, 226, 227, 228, 229, 230, 231, 232, 233, 234, 235, 236, 237, 238, 239, 240, 241, 242, 243, 244, 245, 246, 247, 248, 249, 250, 251, 252, 253, 254, 255], "values": [0.0, 0.0, 0.0, 0.0, 0.0, 0.0, 0.0, 0.0, 0.0, 2.712673611111111e-07, 0.0, 0.0, 0.0, 2.712673611111111e-07, 2.712673611111111e-07, 2.712673611111111e-07, 8.138020833333334e-07, 1.0850694444444444e-06, 8.138020833333334e-07, 1.3563368055555556e-06, 1.0850694444444444e-06, 8.138020833333334e-07, 1.6276041666666668e-06, 1.0850694444444444e-06, 2.712673611111111e-07, 1.8988715277777777e-06, 2.44140625e-06, 2.170138888888889e-06, 2.9839409722222224e-06, 2.44140625e-06, 1.8988715277777777e-06, 1.8988715277777777e-06, 3.2552083333333335e-06, 5.4253472222222224e-06, 4.069010416666667e-06, 4.8828125e-06, 5.967881944444445e-06, 6.239149305555556e-06, 6.510416666666667e-06, 7.0529513888888886e-06, 5.4253472222222224e-06, 8.951822916666667e-06, 7.595486111111111e-06, 1.3292100694444444e-05, 1.0308159722222223e-05, 1.2749565972222223e-05, 1.491970486111111e-05, 1.763237847222222e-05, 1.980251736111111e-05, 1.8717447916666665e-05, 2.3328993055555557e-05, 2.44140625e-05, 2.604166666666667e-05, 3.092447916666667e-05, 3.255208333333333e-05, 2.8754340277777777e-05, 3.41796875e-05, 3.743489583333333e-05, 4.421657986111111e-05, 4.204644097222222e-05, 5.126953125e-05, 5.452473958333333e-05, 6.076388888888889e-05, 6.103515625e-05, 7.351345486111111e-05, 7.921006944444444e-05, 8.951822916666666e-05, 9.385850694444444e-05, 0.00010416666666666667, 0.00011067708333333333, 0.00011990017361111111, 0.00012071397569444445, 0.00013264973958333333, 0.00015001085069444445, 0.00015760633680555555, 0.00016248914930555556, 0.00017171223958333334, 0.00018636067708333333, 0.0001982964409722222, 0.0002099609375, 0.00024224175347222222, 0.0002414279513888889, 0.0002644856770833333, 0.0002880859375, 0.0003046332465277778, 0.0003179253472222222, 0.00032823350694444447, 0.0003515625, 0.00037489149305555556, 0.00040391710069444443, 0.0004220920138888889, 0.0004473198784722222, 0.0004595269097222222, 0.00048421223958333335, 0.0005113389756944445, 0.0005281575520833334, 0.0005655924479166667, 0.0006106228298611112, 0.00063232421875, 0.0006467013888888889, 0.00070068359375, 0.0006998697916666667, 0.0007413736979166667, 0.0007687717013888889, 0.0008094618055555556, 0.00084228515625, 0.0008582899305555556, 0.0008873155381944445, 0.0009385850694444445, 0.0009681532118055555, 0.0009996202256944444, 0.00103759765625, 0.0010704210069444444, 0.00111572265625, 0.0011542426215277778, 0.0011919487847222223, 0.0012055121527777778, 0.001264377170138889, 0.0012741427951388888, 0.0013536241319444444, 0.0013742404513888888, 0.00145263671875, 0.0015199110243055555, 0.0015752495659722221, 0.0016395399305555555, 0.0016544596354166666, 0.0017301432291666667, 0.0018310546875, 0.0018744574652777778, 0.0019618055555555556, 0.0020426432291666668, 0.00213134765625, 0.0022200520833333334, 0.002312554253472222, 0.0023874240451388887, 0.002492947048611111, 0.00260009765625, 0.0028255208333333335, 0.0029673936631944443, 0.003164605034722222, 0.0033167860243055554, 0.0035538736979166667, 0.0037757703993055555, 0.003952365451388889, 0.004224989149305556, 0.004663628472222223, 0.005183648003472222, 0.006175130208333333, 0.007482367621527777, 0.00937744140625, 0.01194580078125, 0.015401204427083334, 0.019976942274305555, 0.02697292751736111, 0.037091200086805554, 0.051678059895833336, 0.06733561197916667, 0.07749213324652778, 0.07826985677083333, 0.07011908637152778, 0.05513644748263889, 0.04402777777777778, 0.03976019965277778, 0.039209255642361114, 0.03790201822916667, 0.034718153211805554, 0.028968912760416667, 0.022276204427083335, 0.016628146701388888, 0.012567816840277777, 0.009488932291666667, 0.007032335069444445, 0.0051380750868055556, 0.0038289388020833334, 0.003154296875, 0.002742513020833333, 0.002467719184027778, 0.0023130967881944443, 0.0021549479166666666, 0.002065700954861111, 0.0019368489583333334, 0.0018603515625, 0.00177978515625, 0.0017192925347222223, 0.0016693793402777779, 0.0015785047743055555, 0.001550564236111111, 0.0014615885416666666, 0.0014884440104166667, 0.0013677300347222222, 0.0013313802083333333, 0.001279296875, 0.0012619357638888888, 0.0012399631076388889, 0.001203884548611111, 0.0011265733506944445, 0.0011368815104166666, 0.0010492621527777779, 0.0010435655381944445, 0.0010386827256944444, 0.0010142686631944445, 0.0009868706597222223, 0.0009315321180555556, 0.0008726671006944445, 0.0008517795138888889, 0.000810546875, 0.0007950846354166667, 0.0007977973090277778, 0.0007218424479166666, 0.0007017686631944444, 0.0006548394097222222, 0.0006293402777777778, 0.000625, 0.0005951605902777778, 0.0005520290798611111, 0.0005205620659722222, 0.0004893663194444444, 0.00047987196180555554, 0.0004242621527777778, 0.00040798611111111114, 0.00039252387152777777, 0.0003757052951388889, 0.00034505208333333333, 0.00032362196180555557, 0.00029866536458333335, 0.0002780490451388889, 0.00028103298611111113, 0.00025254991319444446, 0.00022379557291666666, 0.00021945529513888888, 0.00021484375, 0.00018961588541666665, 0.00016764322916666666, 0.00015842013888888888, 0.0001437717013888889, 0.0001535373263888889, 0.00012912326388888888, 0.00010552300347222222, 0.00010633680555555555, 9.223090277777778e-05, 9.79275173611111e-05, 8.572048611111111e-05, 7.758246527777778e-05, 7.459852430555556e-05, 6.781684027777778e-05, 7.134331597222222e-05, 5.398220486111111e-05, 6.157769097222223e-05, 5.425347222222222e-05, 4.909939236111111e-05, 5.235460069444444e-05, 3.7977430555555556e-05, 4.421657986111111e-05, 3.987630208333333e-05, 3.607855902777778e-05, 0.00011121961805555555]}